,level_0,index,date,admin1,admin2,market,latitude,longitude,category,commodity,unit,priceflag,pricetype,currency,price,usdprice,date_2,usdprice_ffil,usdprice_Inter,Lag_1,Lag_3,Lag_6,rolling_3_mean,exp_min,exp_max,exp_mean,ewma
2014-04-15,34.0,748.0,2014-04-15,Lvivska,Lvivska,Lviv,49.839683,24.029717,cereals and tubers,Rice,KG,actual,Retail,UAH,8.86,0.7508,0,0.7508,0.7508,0.0,0.0,0.0,0.0,0.7508,0.7508,0.7508,0.7508
2014-05-15,51.0,1189.0,2014-05-15,Lvivska,Lvivska,Lviv,49.839683,24.029717,cereals and tubers,Rice,KG,actual,Retail,UAH,9.61,0.8179,0,0.8179,0.8179,0.7508,0.0,0.0,0.0,0.7508,0.8179,0.78435,0.7902705882352941
2014-06-15,69.0,1623.0,2014-06-15,Lvivska,Lvivska,Lviv,49.839683,24.029717,cereals and tubers,Rice,KG,actual,Retail,UAH,10.01,0.8484,0,0.8484,0.8484,0.8179,0.0,0.0,0.8057,0.7508,0.8484,0.8057,0.816813698630137
2014-07-15,87.0,2071.0,2014-07-15,Lvivska,Lvivska,Lviv,49.839683,24.029717,cereals and tubers,Rice,KG,actual,Retail,UAH,10.38,0.889,0,0.889,0.889,0.8484,0.7508,0.0,0.8517666666666667,0.7508,0.889,0.826525,0.8453120410580339
2014-08-15,104.0,2485.0,2014-08-15,Lvivska,Lvivska,Lviv,49.839683,24.029717,cereals and tubers,Rice,KG,actual,Retail,UAH,10.84,0.8309,0,0.8309,0.8309,0.889,0.8179,0.0,0.8561,0.7508,0.889,0.8274000000000001,0.8401149543831813
2014-09-15,122.0,2908.0,2014-09-15,Lvivska,Lvivska,Lviv,49.839683,24.029717,cereals and tubers,Rice,KG,actual,Retail,UAH,12.02,0.9279,0,0.9279,0.9279,0.8309,0.8484,0.0,0.8826,0.7508,0.9279,0.84415,0.8699619355562583
2014-10-15,140.0,3331.0,2014-10-15,Lvivska,Lvivska,Lviv,49.839683,24.029717,cereals and tubers,Rice,KG,actual,Retail,UAH,12.98,1.0141,0,1.0141,1.0141,0.9279,0.889,0.7508,0.9243,0.7508,1.0141,0.8684285714285714,0.9170840648629424
2014-11-15,159.0,3740.0,2014-11-15,Lvivska,Lvivska,Lviv,49.839683,24.029717,cereals and tubers,Rice,KG,actual,Retail,UAH,13.95,0.9995,0,0.9995,0.9995,1.0141,0.8309,0.8179,0.9805,0.7508,1.0141,0.8848125,0.9433213740674545
2014-12-15,179.0,4163.0,2014-12-15,Lvivska,Lvivska,Lviv,49.839683,24.029717,cereals and tubers,Rice,KG,actual,Retail,UAH,15.42,0.9782,0,0.9782,0.9782,0.9995,0.9279,0.8484,0.9972666666666669,0.7508,1.0141,0.8951888888888888,0.9542249609053655
2015-01-15,203.0,4619.0,2015-01-15,Lvivska,Lvivska,Lviv,49.839683,24.029717,cereals and tubers,Rice,KG,actual,Retail,UAH,16.97,1.0754,0,1.0754,1.0754,0.9782,1.0141,0.889,1.0176999999999998,0.7508,1.0754,0.91321,0.9916341907863074
2015-02-15,222.0,5041.0,2015-02-15,Lvivska,Lvivska,Lviv,49.839683,24.029717,cereals and tubers,Rice,KG,actual,Retail,UAH,19.03,0.8504,0,0.8504,0.8504,1.0754,0.9995,0.8309,0.968,0.7508,1.0754,0.9075,0.9484092349387924
2015-03-15,243.0,5492.0,2015-03-15,Lvivska,Lvivska,Lviv,49.839683,24.029717,cereals and tubers,Rice,KG,actual,Retail,UAH,23.32,0.9085,0,0.9085,0.9085,0.8504,0.9782,0.9279,0.9447666666666666,0.7508,1.0754,0.9075833333333333,0.9362684199500412
2015-04-15,261.0,5936.0,2015-04-15,Lvivska,Lvivska,Lviv,49.839683,24.029717,cereals and tubers,Rice,KG,actual,Retail,UAH,22.6,1.051,0,1.051,1.051,0.9085,1.0754,1.0141,0.9366333333333333,0.7508,1.0754,0.9186153846153846,0.9710246435762919
2015-05-15,280.0,6381.0,2015-05-15,Lvivska,Lvivska,Lviv,49.839683,24.029717,cereals and tubers,Rice,KG,actual,Retail,UAH,21.45,1.0312,0,1.0312,1.0312,1.051,0.8504,0.9995,0.9969,0.7508,1.0754,0.9266571428571428,0.989200523514841
2015-06-15,301.0,6832.0,2015-06-15,Lvivska,Lvivska,Lviv,49.839683,24.029717,cereals and tubers,Rice,KG,actual,Retail,UAH,19.62,0.9211,0,0.9211,0.9211,1.0312,0.9085,0.9782,1.0010999999999999,0.7508,1.0754,0.9262866666666666,0.9686729103542565
2015-07-15,322.0,7281.0,2015-07-15,Lvivska,Lvivska,Lviv,49.839683,24.029717,cereals and tubers,Rice,KG,actual,Retail,UAH,17.55,0.7945,0,0.7945,0.7945,0.9211,1.051,1.0754,0.9156000000000001,0.7508,1.0754,0.91805,0.9162468099525108
2015-08-15,342.0,7719.0,2015-08-15,Lvivska,Lvivska,Lviv,49.839683,24.029717,cereals and tubers,Rice,KG,actual,Retail,UAH,17.55,0.82,0,0.82,0.82,0.7945,1.0312,0.8504,0.8452000000000001,0.7508,1.0754,0.9122823529411764,0.8873054405102692
2015-09-15,363.0,8155.0,2015-09-15,Lvivska,Lvivska,Lviv,49.839683,24.029717,cereals and tubers,Rice,KG,actual,Retail,UAH,18.04,0.8201,0,0.8201,0.8201,0.82,0.9211,0.9085,0.8115333333333333,0.7508,1.0754,0.9071611111111112,0.8671109233308102
2015-10-15,382.0,8600.0,2015-10-15,Lvivska,Lvivska,Lviv,49.839683,24.029717,cereals and tubers,Rice,KG,actual,Retail,UAH,17.28,0.7965,0,0.7965,0.7965,0.8201,0.7945,1.051,0.8122000000000001,0.7508,1.0754,0.9013368421052631,0.8459034721802858
2015-11-15,403.0,9050.0,2015-11-15,Lvivska,Lvivska,Lviv,49.839683,24.029717,cereals and tubers,Rice,KG,actual,Retail,UAH,16.53,0.7064,0,0.7064,0.7064,0.7965,0.82,1.0312,0.7743333333333334,0.7064,1.0754,0.8915900000000001,0.8040190099645715
2015-12-15,422.0,9513.0,2015-12-15,Lvivska,Lvivska,Lviv,49.839683,24.029717,cereals and tubers,Rice,KG,actual,Retail,UAH,16.75,0.7111,0,0.7111,0.7111,0.7064,0.8201,0.9211,0.7380000000000001,0.7064,1.0754,0.882995238095238,0.7761277284152467
2016-01-15,443.0,9964.0,2016-01-15,Lvivska,Lvivska,Lviv,49.839683,24.029717,cereals and tubers,Rice,KG,actual,Retail,UAH,16.4,0.6778,0,0.6778,0.6778,0.7111,0.7965,0.7945,0.6984333333333335,0.6778,1.0754,0.8736681818181818,0.7466178720649228
2016-02-15,465.0,10427.0,2016-02-15,Lvivska,Lvivska,Lviv,49.839683,24.029717,cereals and tubers,Rice,KG,actual,Retail,UAH,16.31,0.6085,0,0.6085,0.6085,0.6778,0.7064,0.82,0.6658000000000001,0.6085,1.0754,0.8621391304347826,0.7051711670014563
2016-03-15,482.0,10888.0,2016-03-15,Lvivska,Lvivska,Lviv,49.839683,24.029717,cereals and tubers,Rice,KG,actual,Retail,UAH,16.06,0.5983,0,0.5983,0.5983,0.6085,0.7111,0.8201,0.6282000000000001,0.5983,1.0754,0.8511458333333333,0.6731036733711024
2016-04-15,500.0,11318.0,2016-04-15,Lvivska,Lvivska,Lviv,49.839683,24.029717,cereals and tubers,Rice,KG,actual,Retail,UAH,15.81,0.6224,0,0.6224,0.6224,0.5983,0.6778,0.7965,0.6097333333333333,0.5983,1.0754,0.8419960000000001,0.6578905311730109
2016-05-15,517.0,11759.0,2016-05-15,Lvivska,Lvivska,Lviv,49.839683,24.029717,cereals and tubers,Rice,KG,actual,Retail,UAH,15.5,0.6157,0,0.6157,0.6157,0.6224,0.6085,0.7064,0.6121333333333334,0.5983,1.0754,0.8332923076923078,0.6452321835212107
2016-06-15,537.0,12231.0,2016-06-15,Lvivska,Lvivska,Lviv,49.839683,24.029717,cereals and tubers,Rice,KG,actual,Retail,UAH,15.39,0.6182,0,0.6182,0.6182,0.6157,0.5983,0.7111,0.6187666666666668,0.5983,1.0754,0.8253259259259259,0.637121995525235
2016-07-15,557.0,12683.0,2016-07-15,Lvivska,Lvivska,Lviv,49.839683,24.029717,cereals and tubers,Rice,KG,actual,Retail,UAH,15.95,0.6426,0,0.6426,0.6426,0.6182,0.6224,0.6778,0.6255000000000001,0.5983,1.0754,0.8188000000000001,0.6387654724653911
2016-08-15,574.0,13127.0,2016-08-15,Lvivska,Lvivska,Lviv,49.839683,24.029717,cereals and tubers,Rice,KG,actual,Retail,UAH,15.28,0.6112,0,0.6112,0.6112,0.6426,0.6157,0.6085,0.6240000000000001,0.5983,1.0754,0.8116413793103449,0.6304955644425293
2016-09-15,591.0,13563.0,2016-09-15,Lvivska,Lvivska,Lviv,49.839683,24.029717,cereals and tubers,Rice,KG,actual,Retail,UAH,15.82,0.6066,0,0.6066,0.6066,0.6112,0.6182,0.5983,0.6201333333333334,0.5983,1.0754,0.8048066666666666,0.6233267335290511
2016-10-15,607.0,13990.0,2016-10-15,Lvivska,Lvivska,Lviv,49.839683,24.029717,cereals and tubers,Rice,KG,actual,Retail,UAH,16.02,0.6231,0,0.6231,0.6231,0.6066,0.6426,0.6224,0.6136333333333335,0.5983,1.0754,0.7989451612903226,0.6232587123971298
2016-11-15,625.0,14428.0,2016-11-15,Lvivska,Lvivska,Lviv,49.839683,24.029717,cereals and tubers,Rice,KG,actual,Retail,UAH,16.42,0.6283,0,0.6283,0.6283,0.6231,0.6112,0.6157,0.6193333333333334,0.5983,1.0754,0.7936124999999999,0.624771115381388
2016-12-15,644.0,14898.0,2016-12-15,Lvivska,Lvivska,Lviv,49.839683,24.029717,cereals and tubers,Rice,KG,actual,Retail,UAH,16.48,0.6267,0,0.6267,0.6267,0.6283,0.6066,0.6182,0.6260333333333334,0.5983,1.0754,0.7885545454545455,0.6253497852406646
2017-01-15,661.0,15342.0,2017-01-15,Lvivska,Lvivska,Lviv,49.839683,24.029717,cereals and tubers,Rice,KG,actual,Retail,UAH,16.5,0.6075,0,0.6075,0.6075,0.6267,0.6231,0.6426,0.6208333333333335,0.5983,1.0754,0.7832294117647058,0.6199948206890271
2017-02-15,684.0,15789.0,2017-02-15,Lvivska,Lvivska,Lviv,49.839683,24.029717,cereals and tubers,Rice,KG,actual,Retail,UAH,17.04,0.6263,0,0.6263,0.6263,0.6075,0.6283,0.6112,0.6201666666666668,0.5983,1.0754,0.7787457142857143,0.6218863816479054
2017-03-15,702.0,16245.0,2017-03-15,Lvivska,Lvivska,Lviv,49.839683,24.029717,cereals and tubers,Rice,KG,actual,Retail,UAH,16.94,0.6308,0,0.6308,0.6308,0.6263,0.6267,0.6066,0.6215333333333334,0.5983,1.0754,0.7746361111111111,0.6245604742445077
2017-04-15,719.0,16698.0,2017-04-15,Lvivska,Lvivska,Lviv,49.839683,24.029717,cereals and tubers,Rice,KG,actual,Retail,UAH,17.29,0.6461,0,0.6461,0.6461,0.6308,0.6075,0.6231,0.6344000000000002,0.5983,1.0754,0.7711621621621622,0.631022343965753
2017-05-15,738.0,17136.0,2017-05-15,Lvivska,Lvivska,Lviv,49.839683,24.029717,cereals and tubers,Rice,KG,actual,Retail,UAH,17.28,0.6539,0,0.6539,0.6539,0.6461,0.6263,0.6283,0.6436000000000001,0.5983,1.0754,0.7680763157894738,0.6378856496938504
2017-06-15,755.0,17582.0,2017-06-15,Lvivska,Lvivska,Lviv,49.839683,24.029717,cereals and tubers,Rice,KG,actual,Retail,UAH,18.46,0.7096,0,0.7096,0.7096,0.6539,0.6308,0.6267,0.6698666666666667,0.5983,1.0754,0.766576923076923,0.6593999743539133
2017-07-15,772.0,18021.0,2017-07-15,Lvivska,Lvivska,Lviv,49.839683,24.029717,cereals and tubers,Rice,KG,actual,Retail,UAH,19.72,0.7583,0,0.7583,0.7583,0.7096,0.6461,0.6075,0.7072666666666668,0.5983,1.0754,0.76637,0.6890700009380689
2017-08-15,0.0,0.0,2017-08-15,Lvivska,Lvivska,Lviv,49.839683,24.029717,cereals and tubers,Rice,KG,actual,Retail,UAH,0.0,0.0,2017-08-15 00:00:00,0.7583,0.75255,0.7583,0.6539,0.6263,0.7401500000000002,0.5983,1.0754,0.7660329268292683,0.7081140091441134
2017-09-15,792.0,18451.0,2017-09-15,Lvivska,Lvivska,Lviv,49.839683,24.029717,cereals and tubers,Rice,KG,actual,Retail,UAH,19.56,0.7468,0,0.7468,0.7468,0.75255,0.7096,0.6308,0.7525500000000002,0.5983,1.0754,0.765575,0.7197198100215815
2017-10-15,810.0,18890.0,2017-10-15,Lvivska,Lvivska,Lviv,49.839683,24.029717,cereals and tubers,Rice,KG,actual,Retail,UAH,19.37,0.7262,0,0.7262,0.7262,0.7468,0.7583,0.6461,0.74185,0.5983,1.0754,0.7646593023255814,0.721663867439653
2017-11-15,829.0,19332.0,2017-11-15,Lvivska,Lvivska,Lviv,49.839683,24.029717,cereals and tubers,Rice,KG,actual,Retail,UAH,20.18,0.7621,0,0.7621,0.7621,0.7262,0.75255,0.6539,0.7450333333333333,0.5983,1.0754,0.7646011363636362,0.7337947090621625
2017-12-15,849.0,19789.0,2017-12-15,Lvivska,Lvivska,Lviv,49.839683,24.029717,cereals and tubers,Rice,KG,actual,Retail,UAH,20.18,0.7297,0,0.7297,0.7297,0.7621,0.7468,0.7096,0.7393333333333335,0.5983,1.0754,0.7638255555555555,0.732566296212065
2018-01-15,0.0,0.0,2018-01-15,Lvivska,Lvivska,Lviv,49.839683,24.029717,cereals and tubers,Rice,KG,actual,Retail,UAH,0.0,0.0,2018-01-15 00:00:00,0.7297,0.736325,0.7297,0.7262,0.7583,0.7427083333333334,0.5983,1.0754,0.7632277173913043,0.7336939074329091
2018-02-15,0.0,0.0,2018-02-15,Lvivska,Lvivska,Lviv,49.839683,24.029717,cereals and tubers,Rice,KG,actual,Retail,UAH,0.0,0.0,2018-02-15 00:00:00,0.7297,0.74295,0.736325,0.7621,0.75255,0.736325,0.5983,1.0754,0.7627962765957447,0.7364707353486348
2018-03-15,0.0,0.0,2018-03-15,Lvivska,Lvivska,Lviv,49.839683,24.029717,cereals and tubers,Rice,KG,actual,Retail,UAH,0.0,0.0,2018-03-15 00:00:00,0.7297,0.749575,0.74295,0.7297,0.7468,0.7429500000000001,0.5983,1.0754,0.7625208333333333,0.7404020148883356
2018-04-15,0.0,0.0,2018-04-15,Lvivska,Lvivska,Lviv,49.839683,24.029717,cereals and tubers,Rice,KG,actual,Retail,UAH,0.0,0.0,2018-04-15 00:00:00,0.7297,0.7562,0.749575,0.736325,0.7262,0.7495750000000001,0.5983,1.0754,0.7623918367346939,0.7451414105436012
2018-05-15,0.0,0.0,2018-05-15,Lvivska,Lvivska,Lviv,49.839683,24.029717,cereals and tubers,Rice,KG,actual,Retail,UAH,0.0,0.0,2018-05-15 00:00:00,0.7297,0.762825,0.7562,0.74295,0.7621,0.7562000000000001,0.5983,1.0754,0.7624004999999999,0.7504464874759308
2018-06-15,0.0,0.0,2018-06-15,Lvivska,Lvivska,Lviv,49.839683,24.029717,cereals and tubers,Rice,KG,actual,Retail,UAH,0.0,0.0,2018-06-15 00:00:00,0.7297,0.76945,0.762825,0.749575,0.7297,0.762825,0.5983,1.0754,0.7625387254901961,0.7561475413049237
2018-07-15,0.0,0.0,2018-07-15,Lvivska,Lvivska,Lviv,49.839683,24.029717,cereals and tubers,Rice,KG,actual,Retail,UAH,0.0,0.0,2018-07-15 00:00:00,0.7297,0.7760750000000001,0.76945,0.7562,0.736325,0.7694500000000001,0.5983,1.0754,0.7627990384615384,0.7621257789661298
2018-08-15,0.0,0.0,2018-08-15,Lvivska,Lvivska,Lviv,49.839683,24.029717,cereals and tubers,Rice,KG,actual,Retail,UAH,0.0,0.0,2018-08-15 00:00:00,0.7297,0.7827000000000001,0.7760750000000001,0.762825,0.74295,0.7760750000000001,0.5983,1.0754,0.7631745283018868,0.768298045314366
2018-09-15,0.0,0.0,2018-09-15,Lvivska,Lvivska,Lviv,49.839683,24.029717,cereals and tubers,Rice,KG,actual,Retail,UAH,0.0,0.0,2018-09-15 00:00:00,0.7297,0.789325,0.7827000000000001,0.76945,0.749575,0.7827000000000002,0.5983,1.0754,0.7636587962962963,0.7746061317472952
2018-10-15,0.0,0.0,2018-10-15,Lvivska,Lvivska,Lviv,49.839683,24.029717,cereals and tubers,Rice,KG,actual,Retail,UAH,0.0,0.0,2018-10-15 00:00:00,0.7297,0.79595,0.789325,0.7760750000000001,0.7562,0.7893250000000002,0.5983,1.0754,0.7642459090909091,0.7810092922424614
2018-11-15,0.0,0.0,2018-11-15,Lvivska,Lvivska,Lviv,49.839683,24.029717,cereals and tubers,Rice,KG,actual,Retail,UAH,0.0,0.0,2018-11-15 00:00:00,0.7297,0.802575,0.79595,0.7827000000000001,0.762825,0.79595,0.5983,1.0754,0.7649303571428572,0.7874790045834121
2018-12-15,867.0,20353.0,2018-12-15,Lvivska,Lvivska,Lviv,49.839683,24.029717,cereals and tubers,Rice,KG,actual,Retail,UAH,22.7,0.8092,0,0.8092,0.8092,0.802575,0.789325,0.76945,0.8025750000000001,0.5983,1.0754,0.7657070175438596,0.7939953032180399
2019-01-15,886.0,21040.0,2019-01-15,Lvivska,Lvivska,Lviv,49.839683,24.029717,cereals and tubers,Rice,KG,actual,Retail,UAH,22.46,0.8004,0,0.8004,0.8004,0.8092,0.79595,0.7760750000000001,0.8040583333333334,0.5983,1.0754,0.7663051724137931,0.7959167122546201
2019-02-15,908.0,21742.0,2019-02-15,Lvivska,Lvivska,Lviv,49.839683,24.029717,cereals and tubers,Rice,KG,actual,Retail,UAH,22.56,0.8291,0,0.8291,0.8291,0.8004,0.802575,0.7827000000000001,0.8129000000000001,0.5983,1.0754,0.7673694915254237,0.8058716985854589
2019-03-15,926.0,22459.0,2019-03-15,Lvivska,Lvivska,Lviv,49.839683,24.029717,cereals and tubers,Rice,KG,actual,Retail,UAH,22.12,0.8193,0,0.8193,0.8193,0.8291,0.8092,0.789325,0.8162666666666668,0.5983,1.0754,0.768235,0.8099001890118678
2019-04-15,947.0,23158.0,2019-04-15,Lvivska,Lvivska,Lviv,49.839683,24.029717,cereals and tubers,Rice,KG,actual,Retail,UAH,22.07,0.8266,0,0.8266,0.8266,0.8193,0.8004,0.79595,0.8250000000000002,0.5983,1.0754,0.7691918032786884,0.8149101323100891
2019-05-15,965.0,23882.0,2019-05-15,Lvivska,Lvivska,Lviv,49.839683,24.029717,cereals and tubers,Rice,KG,actual,Retail,UAH,21.88,0.8313,0,0.8313,0.8313,0.8266,0.8291,0.802575,0.8257333333333334,0.5983,1.0754,0.7701935483870969,0.8198270926182863
2019-06-15,984.0,24608.0,2019-06-15,Lvivska,Lvivska,Lviv,49.839683,24.029717,cereals and tubers,Rice,KG,actual,Retail,UAH,21.55,0.8126,0,0.8126,0.8126,0.8313,0.8193,0.8092,0.8235000000000001,0.5983,1.0754,0.7708666666666667,0.8176589648324227
2019-07-15,1004.0,25323.0,2019-07-15,Lvivska,Lvivska,Lviv,49.839683,24.029717,cereals and tubers,Rice,KG,actual,Retail,UAH,21.49,0.8329,0,0.8329,0.8329,0.8126,0.8266,0.8004,0.8256000000000001,0.5983,1.0754,0.7718359375,0.8222312753832536
2019-08-15,1022.0,26044.0,2019-08-15,Lvivska,Lvivska,Lviv,49.839683,24.029717,cereals and tubers,Rice,KG,actual,Retail,UAH,21.68,0.8569,0,0.8569,0.8569,0.8329,0.8313,0.8291,0.8341333333333334,0.5983,1.0754,0.7731446153846153,0.8326318927691655
2019-09-15,1044.0,26749.0,2019-09-15,Lvivska,Lvivska,Lviv,49.839683,24.029717,cereals and tubers,Rice,KG,actual,Retail,UAH,21.58,0.8752,0,0.8752,0.8752,0.8569,0.8126,0.8193,0.8550000000000001,0.5983,1.0754,0.774690909090909,0.8454023249391792
2019-10-15,1064.0,27473.0,2019-10-15,Lvivska,Lvivska,Lviv,49.839683,24.029717,cereals and tubers,Rice,KG,actual,Retail,UAH,21.79,0.8804,0,0.8804,0.8804,0.8752,0.8329,0.8266,0.8708333333333335,0.5983,1.0754,0.7762686567164179,0.8559016274578648
2019-11-15,1085.0,28199.0,2019-11-15,Lvivska,Lvivska,Lviv,49.839683,24.029717,cereals and tubers,Rice,KG,actual,Retail,UAH,22.14,0.9183,0,0.9183,0.9183,0.8804,0.8569,0.8313,0.8913000000000001,0.5983,1.0754,0.7783573529411765,0.8746211392210537
2019-12-15,1105.0,28939.0,2019-12-15,Lvivska,Lvivska,Lviv,49.839683,24.029717,cereals and tubers,Rice,KG,actual,Retail,UAH,22.01,0.9222,0,0.9222,0.9222,0.9183,0.8752,0.8126,0.9069666666666668,0.5983,1.0754,0.7804420289855072,0.8888947974550303
2020-01-15,1126.0,29654.0,2020-01-15,Lvivska,Lvivska,Lviv,49.839683,24.029717,cereals and tubers,Rice,KG,actual,Retail,UAH,21.82,0.9058,0,0.9058,0.9058,0.9222,0.8804,0.8329,0.9154333333333334,0.5983,1.0754,0.7822328571428572,0.893966358218594
2020-02-15,1142.0,30362.0,2020-02-15,Lvivska,Lvivska,Lviv,49.839683,24.029717,cereals and tubers,Rice,KG,actual,Retail,UAH,21.69,0.8769,0,0.8769,0.8769,0.9058,0.9183,0.8569,0.9016333333333334,0.5983,1.0754,0.7835661971830986,0.8888464507529644
2020-03-15,1163.0,31069.0,2020-03-15,Lvivska,Lvivska,Lviv,49.839683,24.029717,cereals and tubers,Rice,KG,actual,Retail,UAH,22.08,0.841,0,0.841,0.841,0.8769,0.9222,0.8752,0.8745666666666668,0.5983,1.0754,0.784363888888889,0.874492515526974
2020-04-15,1182.0,31773.0,2020-04-15,Lvivska,Lvivska,Lviv,49.839683,24.029717,cereals and tubers,Rice,KG,actual,Retail,UAH,22.9,0.8404,0,0.8404,0.8404,0.841,0.9058,0.8804,0.8527666666666667,0.5983,1.0754,0.7851315068493151,0.8642647608688315
2020-05-15,1199.0,32516.0,2020-05-15,Lvivska,Lvivska,Lviv,49.839683,24.029717,cereals and tubers,Rice,KG,actual,Retail,UAH,22.84,0.8586,0,0.8586,0.8586,0.8404,0.8769,0.9183,0.8466666666666667,0.5983,1.0754,0.7861243243243243,0.8625653326081762
2020-06-15,1216.0,33256.0,2020-06-15,Lvivska,Lvivska,Lviv,49.839683,24.029717,cereals and tubers,Rice,KG,actual,Retail,UAH,21.93,0.8183,0,0.8183,0.8183,0.8586,0.841,0.9222,0.8391000000000002,0.5983,1.0754,0.7865533333333333,0.8492857328256912
2020-07-15,1235.0,33969.0,2020-07-15,Lvivska,Lvivska,Lviv,49.839683,24.029717,cereals and tubers,Rice,KG,actual,Retail,UAH,22.15,0.8152,0,0.8152,0.8152,0.8183,0.8404,0.9058,0.8307000000000001,0.5983,1.0754,0.7869302631578947,0.8390600129779666
2020-08-15,1254.0,34688.0,2020-08-15,Lvivska,Lvivska,Lviv,49.839683,24.029717,cereals and tubers,Rice,KG,actual,Retail,UAH,22.51,0.816,0,0.816,0.816,0.8152,0.8586,0.8769,0.8165,0.5983,1.0754,0.7873077922077922,0.8321420090845684
2020-09-15,1274.0,35435.0,2020-09-15,Lvivska,Lvivska,Lviv,49.839683,24.029717,cereals and tubers,Rice,KG,actual,Retail,UAH,22.82,0.815,0,0.815,0.815,0.816,0.8183,0.841,0.8154,0.5983,1.0754,0.7876628205128205,0.8269994063591936
2020-10-15,1295.0,36139.0,2020-10-15,Lvivska,Lvivska,Lviv,49.839683,24.029717,cereals and tubers,Rice,KG,actual,Retail,UAH,23.03,0.8126,0,0.8126,0.8126,0.815,0.8152,0.8404,0.8145333333333333,0.5983,1.0754,0.7879784810126582,0.8226795844514331
2020-11-15,1313.0,36820.0,2020-11-15,Lvivska,Lvivska,Lviv,49.839683,24.029717,cereals and tubers,Rice,KG,actual,Retail,UAH,22.88,0.8041,0,0.8041,0.8041,0.8126,0.816,0.8586,0.8105666666666668,0.5983,1.0754,0.78818,0.8171057091160008
2020-12-15,1332.0,37562.0,2020-12-15,Lvivska,Lvivska,Lviv,49.839683,24.029717,cereals and tubers,Rice,KG,actual,Retail,UAH,22.98,0.829,0,0.829,0.829,0.8041,0.815,0.8183,0.8152333333333335,0.5983,1.0754,0.788683950617284,0.8206739963812015
2021-01-15,1350.0,38277.0,2021-01-15,Lvivska,Lvivska,Lviv,49.839683,24.029717,cereals and tubers,Rice,KG,actual,Retail,UAH,25.04,0.8911,0,0.8911,0.8911,0.829,0.8126,0.8152,0.8414,0.5983,1.0754,0.7899329268292683,0.8418017974668452
2021-02-15,1368.0,38993.0,2021-02-15,Lvivska,Lvivska,Lviv,49.839683,24.029717,cereals and tubers,Rice,KG,actual,Retail,UAH,25.2,0.9081,0,0.9081,0.9081,0.8911,0.8041,0.816,0.8760666666666667,0.5983,1.0754,0.791356626506024,0.8616912582267944
2021-03-15,1388.0,39693.0,2021-03-15,Lvivska,Lvivska,Lviv,49.839683,24.029717,cereals and tubers,Rice,KG,actual,Retail,UAH,25.82,0.9358,0,0.9358,0.9358,0.9081,0.829,0.815,0.9116666666666667,0.5983,1.0754,0.7930761904761904,0.8839238807587582
2021-04-15,1405.0,40405.0,2021-04-15,Lvivska,Lvivska,Lviv,49.839683,24.029717,cereals and tubers,Rice,KG,actual,Retail,UAH,26.05,0.932,0,0.932,0.932,0.9358,0.8911,0.8126,0.9253,0.5983,1.0754,0.7947105882352941,0.8983467165311316
2021-05-15,1426.0,41116.0,2021-05-15,Lvivska,Lvivska,Lviv,49.839683,24.029717,cereals and tubers,Rice,KG,actual,Retail,UAH,26.24,0.9497,0,0.9497,0.9497,0.932,0.9081,0.8041,0.9391666666666668,0.5983,1.0754,0.7965127906976744,0.9137527015717929
2021-06-15,1446.0,41851.0,2021-06-15,Lvivska,Lvivska,Lviv,49.839683,24.029717,cereals and tubers,Rice,KG,actual,Retail,UAH,27.09,1.0022,0,1.0022,1.0022,0.9497,0.9358,0.829,0.9613,0.5983,1.0754,0.7988770114942529,0.940286891100256
2021-07-15,1469.0,42539.0,2021-07-15,Lvivska,Lvivska,Lviv,49.839683,24.029717,cereals and tubers,Rice,KG,actual,Retail,UAH,27.29,1.0015,0,1.0015,1.0015,1.0022,0.932,0.8911,0.9844666666666667,0.5983,1.0754,0.8011795454545454,0.9586508237701796
2021-08-15,1489.0,43262.0,2021-08-15,Lvivska,Lvivska,Lviv,49.839683,24.029717,cereals and tubers,Rice,KG,actual,Retail,UAH,27.3,1.0159,0,1.0159,1.0159,1.0015,0.9497,0.9081,1.0065333333333335,0.5983,1.0754,0.8035921348314606,0.9758255766391261
2021-09-15,1508.0,43989.0,2021-09-15,Lvivska,Lvivska,Lviv,49.839683,24.029717,cereals and tubers,Rice,KG,actual,Retail,UAH,27.92,1.0484,0,1.0484,1.0484,1.0159,1.0022,0.9358,1.0219333333333334,0.5983,1.0754,0.8063122222222222,0.9975979036473884
2021-10-15,1529.0,44695.0,2021-10-15,Lvivska,Lvivska,Lviv,49.839683,24.029717,cereals and tubers,Rice,KG,actual,Retail,UAH,27.75,1.0523,0,1.0523,1.0523,1.0484,1.0015,0.932,1.0388666666666666,0.5983,1.0754,0.8090153846153847,1.014008532553172
2021-11-15,1546.0,45408.0,2021-11-15,Lvivska,Lvivska,Lviv,49.839683,24.029717,cereals and tubers,Rice,KG,actual,Retail,UAH,28.62,1.087,0,1.087,1.087,1.0523,1.0159,0.9497,1.0625666666666664,0.5983,1.087,0.8120369565217392,1.0359059727872206
2021-12-15,1564.0,46120.0,2021-12-15,Lvivska,Lvivska,Lviv,49.839683,24.029717,cereals and tubers,Rice,KG,actual,Retail,UAH,29.37,1.0818,0,1.0818,1.0818,1.087,1.0484,1.0022,1.0736999999999999,0.5983,1.087,0.8149376344086021,1.0496741809510544
2022-01-15,1581.0,46854.0,2022-01-15,Lvivska,Lvivska,Lviv,49.839683,24.029717,cereals and tubers,Rice,KG,actual,Retail,UAH,30.27,1.0808,0,1.0808,1.0808,1.0818,1.0523,1.0015,1.0832,0.5983,1.087,0.8177659574468086,1.059011926665738
2022-02-15,1601.0,47509.0,2022-02-15,Lvivska,Lvivska,Lviv,49.839683,24.029717,cereals and tubers,Rice,KG,actual,Retail,UAH,31.5,1.1174,0,1.1174,1.1174,1.0808,1.087,1.0159,1.0933333333333335,0.5983,1.1174,0.82092,1.0765283486660167
2022-03-15,1615.0,48122.0,2022-03-15,Lvivska,Lvivska,Lviv,49.839683,24.029717,cereals and tubers,Rice,KG,actual,Retail,UAH,35.96,1.2169,0,1.2169,1.2169,1.1174,1.0818,1.0484,1.1383666666666665,0.5983,1.2169,0.8250447916666667,1.1186398440662118
2022-04-15,1631.0,48725.0,2022-04-15,Lvivska,Lvivska,Lviv,49.839683,24.029717,cereals and tubers,Rice,KG,actual,Retail,UAH,46.17,1.5785,0,1.5785,1.5785,1.2169,1.0808,1.0523,1.3042666666666667,0.5983,1.5785,0.8328123711340205,1.2565978908463487
2022-05-15,1645.0,49347.0,2022-05-15,Lvivska,Lvivska,Lviv,49.839683,24.029717,cereals and tubers,Rice,KG,actual,Retail,UAH,51.09,1.7464,0,1.7464,1.7464,1.5785,1.1174,1.087,1.5139333333333334,0.5983,1.7464,0.842134693877551,1.403538523592444
2022-06-15,1660.0,50025.0,2022-06-15,Lvivska,Lvivska,Lviv,49.839683,24.029717,cereals and tubers,Rice,KG,actual,Retail,UAH,53.9,1.8427,0,1.8427,1.8427,1.7464,1.2169,1.0818,1.7225333333333335,0.5983,1.8427,0.8522414141414141,1.5352869665147109
2022-07-15,1680.0,50684.0,2022-07-15,Lvivska,Lvivska,Lviv,49.839683,24.029717,cereals and tubers,Rice,KG,actual,Retail,UAH,57.98,1.9822,0,1.9822,1.9822,1.8427,1.5785,1.0808,1.8571,0.5983,1.9822,0.863541,1.6693608765602976
2022-08-15,1699.0,51343.0,2022-08-15,Lvivska,Lvivska,Lviv,49.839683,24.029717,cereals and tubers,Rice,KG,actual,Retail,UAH,61.85,1.7062,0,1.7062,1.7062,1.9822,1.7464,1.1174,1.8437,0.5983,1.9822,0.8718841584158415,1.6804126135922084
2022-09-15,1715.0,51989.0,2022-09-15,Lvivska,Lvivska,Lviv,49.839683,24.029717,cereals and tubers,Rice,KG,actual,Retail,UAH,62.79,1.7203,0,1.7203,1.7203,1.7062,1.8427,1.2169,1.8029,0.5983,1.9822,0.8802019607843138,1.6923788295145459
2022-10-15,1734.0,52622.0,2022-10-15,Lvivska,Lvivska,Lviv,49.839683,24.029717,cereals and tubers,Rice,KG,actual,Retail,UAH,61.84,1.6911,0,1.6911,1.6911,1.7203,1.9822,1.5785,1.7058666666666669,0.5983,1.9822,0.8880747572815534,1.691995180660182
2022-11-15,1751.0,53225.0,2022-11-15,Lvivska,Lvivska,Lviv,49.839683,24.029717,cereals and tubers,Rice,KG,actual,Retail,UAH,61.97,1.6978,0,1.6978,1.6978,1.6911,1.7062,1.7464,1.7030666666666667,0.5983,1.9822,0.895860576923077,1.6937366264621274
2022-12-15,1763.0,53743.0,2022-12-15,Lvivska,Lvivska,Lviv,49.839683,24.029717,cereals and tubers,Rice,KG,actual,Retail,UAH,62.3,1.6883,0,1.6883,1.6883,1.6978,1.7203,1.8427,1.6924000000000001,0.5983,1.9822,0.903407619047619,1.692105638523489
2023-01-15,1777.0,54249.0,2023-01-15,Lvivska,Lvivska,Lviv,49.839683,24.029717,cereals and tubers,Rice,KG,actual,Retail,UAH,62.21,1.7012,0,1.7012,1.7012,1.6883,1.6911,1.9822,1.6957666666666666,0.5983,1.9822,0.9109339622641509,1.6948339469664422
2023-02-15,1793.0,54860.0,2023-02-15,Lvivska,Lvivska,Lviv,49.839683,24.029717,cereals and tubers,Rice,KG,actual,Retail,UAH,62.69,1.698,0,1.698,1.698,1.7012,1.6978,1.7062,1.695833333333333,0.5983,1.9822,0.9182897196261682,1.6957837628765096
2023-03-15,1810.0,55521.0,2023-03-15,Lvivska,Lvivska,Lviv,49.839683,24.029717,cereals and tubers,Rice,KG,actual,Retail,UAH,59.78,1.6347,0,1.6347,1.6347,1.698,1.6883,1.7203,1.6779666666666666,0.5983,1.9822,0.9249231481481481,1.6774586340135567
2023-04-15,1830.0,56174.0,2023-04-15,Lvivska,Lvivska,Lviv,49.839683,24.029717,cereals and tubers,Rice,KG,actual,Retail,UAH,57.14,1.5625,0,1.5625,1.5625,1.6347,1.7012,1.6911,1.6317333333333333,0.5983,1.9822,0.9307724770642202,1.6429710438094896
2023-05-15,1844.0,56848.0,2023-05-15,Lvivska,Lvivska,Lviv,49.839683,24.029717,cereals and tubers,Rice,KG,actual,Retail,UAH,55.71,1.5098,0,1.5098,1.5098,1.5625,1.698,1.6978,1.5690000000000002,0.5983,1.9822,0.9360363636363637,1.6030197306666427
2023-06-15,1861.0,57501.0,2023-06-15,Lvivska,Lvivska,Lviv,49.839683,24.029717,cereals and tubers,Rice,KG,actual,Retail,UAH,54.43,1.4743,0,1.4743,1.4743,1.5098,1.6347,1.6883,1.5155333333333332,0.5983,1.9822,0.9408855855855855,1.5644038114666499
2023-07-15,1875.0,58133.0,2023-07-15,Lvivska,Lvivska,Lviv,49.839683,24.029717,cereals and tubers,Rice,KG,actual,Retail,UAH,53.02,1.4499,0,1.4499,1.4499,1.4743,1.5625,1.7012,1.4779999999999998,0.5983,1.9822,0.9454303571428572,1.530052668026655
2023-08-15,1892.0,58778.0,2023-08-15,Lvivska,Lvivska,Lviv,49.839683,24.029717,cereals and tubers,Rice,KG,actual,Retail,UAH,53.85,1.4582,0,1.4582,1.4582,1.4499,1.5098,1.698,1.4607999999999999,0.5983,1.9822,0.9499681415929204,1.5084968676186585
2023-09-15,1908.0,59407.0,2023-09-15,Lvivska,Lvivska,Lviv,49.839683,24.029717,cereals and tubers,Rice,KG,actual,Retail,UAH,53.29,1.443,0,1.443,1.443,1.4582,1.4743,1.6347,1.4503666666666666,0.5983,1.9822,0.9542929824561404,1.488847807333061
2023-10-15,1926.0,60047.0,2023-10-15,Lvivska,Lvivska,Lviv,49.839683,24.029717,cereals and tubers,Rice,KG,actual,Retail,UAH,51.37,1.4085,0,1.4085,1.4085,1.443,1.4499,1.5625,1.4365666666666668,0.5983,1.9822,0.9582426086956523,1.4647434651331428
2023-11-15,1942.0,60672.0,2023-11-15,Lvivska,Lvivska,Lviv,49.839683,24.029717,cereals and tubers,Rice,KG,actual,Retail,UAH,49.86,1.3793,0,1.3793,1.3793,1.4085,1.4582,1.5098,1.4102666666666668,0.5983,1.9822,0.9618724137931035,1.4391104255932
2023-12-15,1958.0,61287.0,2023-12-15,Lvivska,Lvivska,Lviv,49.839683,24.029717,cereals and tubers,Rice,KG,actual,Retail,UAH,48.87,1.319,0,1.319,1.319,1.3793,1.443,1.4743,1.3689333333333333,0.5983,1.9822,0.9649247863247863,1.40307729791524
2024-01-15,1975.0,61905.0,2024-01-15,Lvivska,Lvivska,Lviv,49.839683,24.029717,cereals and tubers,Rice,KG,actual,Retail,UAH,49.14,1.3,0,1.3,1.3,1.319,1.4085,1.4499,1.3327666666666664,0.5983,1.9822,0.967764406779661,1.372154108540668
2024-02-15,1992.0,62525.0,2024-02-15,Lvivska,Lvivska,Lviv,49.839683,24.029717,cereals and tubers,Rice,KG,actual,Retail,UAH,50.09,1.3286,0,1.3286,1.3286,1.3,1.3793,1.4582,1.3158666666666667,0.5983,1.9822,0.9707966386554622,1.3590878759784675
2024-03-15,2008.0,63131.0,2024-03-15,Lvivska,Lvivska,Lviv,49.839683,24.029717,cereals and tubers,Rice,KG,actual,Retail,UAH,50.22,1.2943,0,1.2943,1.2943,1.3286,1.319,1.443,1.3076333333333334,0.5983,1.9822,0.9734925000000001,1.3396515131849274
